id,ano,cultivar,trat,rep,local,estado,rend,ph,aacpd,inc_final,semeadura,espigamento,classificação,HD
1,2025,BRS 264,6,1,Lavras,MG,"684,1",,"92,7",,2/17/2025,4/9/2025,1,51
1,2025,BRS 264,6,2,Lavras,MG,"235,1",,"167,4",,2/17/2025,4/8/2025,1,50
1,2025,BRS 264,6,3,Lavras,MG,"383,0",,"492,2",,2/17/2025,4/9/2025,1,51
1,2025,BRS 264,6,4,Lavras,MG,"522,3",,"42,3",,2/17/2025,4/19/2025,1,61
1,2025,BRS 404,7,1,Lavras,MG,"1404,2",,"473,9",,2/17/2025,4/26/2025,3,68
1,2025,BRS 404,7,2,Lavras,MG,"1034,7",,"492,6",,2/17/2025,4/27/2025,3,69
1,2025,BRS 404,7,3,Lavras,MG,"943,6",,"513,8",,2/17/2025,4/23/2025,3,65
1,2025,BRS 404,7,4,Lavras,MG,"738,6",,"289,8",,2/17/2025,4/17/2025,3,59
1,2025,BRS Savana,8,1,Lavras,MG,"1308,1",,"104,7",,2/17/2025,4/9/2025,1,51
1,2025,BRS Savana,8,2,Lavras,MG,"1020,5",,"148,0",,2/17/2025,4/9/2025,1,51
1,2025,BRS Savana,8,3,Lavras,MG,"1542,6",,"33,3",,2/17/2025,4/8/2025,1,50
1,2025,BRS Savana,8,4,Lavras,MG,"1509,9",,"30,4",,2/17/2025,4/8/2025,1,50
1,2025,ORS 1401,13,1,Lavras,MG,"461,1",,"63,3",,2/17/2025,4/28/2025,3,70
1,2025,ORS 1401,13,2,Lavras,MG,"1411,3",,"203,5",,2/17/2025,4/26/2025,3,68
1,2025,ORS 1401,13,3,Lavras,MG,"1218,2",,"324,6",,2/17/2025,4/24/2025,3,66
1,2025,ORS 1401,13,4,Lavras,MG,"854,2",,"157,3",,2/17/2025,4/27/2025,3,69
1,2025,ORS 1403,1,1,Lavras,MG,"1130,9",,"114,0",,2/17/2025,4/24/2025,3,66
1,2025,ORS 1403,1,2,Lavras,MG,"1236,0",,,,2/17/2025,4/25/2025,3,67
1,2025,ORS 1403,1,3,Lavras,MG,"1763,5",,"104,7",,2/17/2025,4/26/2025,3,68
1,2025,ORS 1403,1,4,Lavras,MG,"813,5",,"67,2",,2/17/2025,4/24/2025,3,66
1,2025,ORS Absoluto,2,1,Lavras,MG,"823,9",,"124,0",,2/17/2025,4/14/2025,2,56
1,2025,ORS Absoluto,2,2,Lavras,MG,"754,6",,"305,2",,2/17/2025,4/18/2025,2,60
1,2025,ORS Absoluto,2,3,Lavras,MG,"855,5",,"402,5",,2/17/2025,4/29/2025,2,71
1,2025,ORS Absoluto,2,4,Lavras,MG,"979,0",,"66,3",,2/17/2025,4/21/2025,2,63
1,2025,ORS Feroz,3,1,Lavras,MG,"916,6",,"54,5",,2/17/2025,4/13/2025,2,55
1,2025,ORS Feroz,3,2,Lavras,MG,"770,3",,,,2/17/2025,4/16/2025,2,58
1,2025,ORS Feroz,3,3,Lavras,MG,"605,6",,"112,9",,2/17/2025,4/14/2025,2,56
1,2025,ORS Feroz,3,4,Lavras,MG,"788,8",,,,2/17/2025,4/16/2025,2,58
1,2025,ORS Guardião,4,1,Lavras,MG,"674,7",,"182,6",,2/17/2025,4/14/2025,1,56
1,2025,ORS Guardião,4,2,Lavras,MG,"746,0",,"39,4",,2/17/2025,4/13/2025,1,55
1,2025,ORS Guardião,4,3,Lavras,MG,"1050,1",,"186,0",,2/17/2025,4/9/2025,1,51
1,2025,ORS Guardião,4,4,Lavras,MG,"896,1",,"47,5",,2/17/2025,4/8/2025,1,50
1,2025,ORS Soberano,5,1,Lavras,MG,"865,5",,"102,1",,2/17/2025,4/17/2025,2,59
1,2025,ORS Soberano,5,2,Lavras,MG,"570,5",,"296,7",,2/17/2025,4/15/2025,2,57
1,2025,ORS Soberano,5,3,Lavras,MG,"468,5",,"594,7",,2/17/2025,4/10/2025,2,52
1,2025,ORS Soberano,5,4,Lavras,MG,"653,5",,"252,5",,2/17/2025,4/13/2025,2,55
1,2025,Semev. Trópico,10,1,Lavras,MG,"1383,1",,"63,8",,2/17/2025,4/18/2025,3,60
1,2025,Semev. Trópico,10,2,Lavras,MG,"637,2",,"753,8",,2/17/2025,4/24/2025,3,66
1,2025,Semev. Trópico,10,3,Lavras,MG,"979,3",,"192,8",,2/17/2025,4/20/2025,3,62
1,2025,Semev. Trópico,10,4,Lavras,MG,"1326,4",,"168,4",,2/17/2025,4/22/2025,3,64
1,2025,TBIO Aton,9,1,Lavras,MG,"847,4",,"180,7",,2/17/2025,4/26/2025,3,68
1,2025,TBIO Aton,9,2,Lavras,MG,"460,5",,"270,9",,2/17/2025,4/24/2025,3,66
1,2025,TBIO Aton,9,3,Lavras,MG,"368,0",,"447,1",,2/17/2025,4/24/2025,3,66
1,2025,TBIO Aton,9,4,Lavras,MG,"1079,3",,"388,7",,2/17/2025,4/20/2025,3,62
1,2025,TBIO Calibre,11,1,Lavras,MG,"728,2",,"87,5",,2/17/2025,4/15/2025,1,57
1,2025,TBIO Calibre,11,2,Lavras,MG,"456,6",,"292,0",,2/17/2025,4/17/2025,1,59
1,2025,TBIO Calibre,11,3,Lavras,MG,"315,9",,"235,0",,2/17/2025,4/19/2025,1,61
1,2025,TBIO Calibre,11,4,Lavras,MG,"500,2",,"204,8",,2/17/2025,4/18/2025,1,60
1,2025,TBIO Convicto,12,1,Lavras,MG,"1223,9",,"0,0",,2/17/2025,4/27/2025,3,69
1,2025,TBIO Convicto,12,2,Lavras,MG,"951,2",,"5,7",,2/17/2025,4/28/2025,3,70
1,2025,TBIO Convicto,12,3,Lavras,MG,"951,2",,"5,7",,2/17/2025,4/25/2025,3,67
1,2025,TBIO Convicto,12,4,Lavras,MG,"678,5",,"11,4",,2/17/2025,4/28/2025,3,70
1,2025,TBIO Duque,13,1,Lavras,MG,"1018,1",,"19,2",,2/17/2025,4/26/2025,2,68
1,2025,TBIO Duque,13,2,Lavras,MG,"256,5",,"19,2",,2/17/2025,4/14/2025,2,56
1,2025,TBIO Duque,13,3,Lavras,MG,"951,1",,"19,2",,2/17/2025,4/21/2025,2,63
1,2025,TBIO Duque,13,4,Lavras,MG,"606,8",,"19,2",,2/17/2025,4/16/2025,2,58
1,2025,TBIO Sossego,14,1,Lavras,MG,"1224,8",,"243,1",,2/17/2025,4/18/2025,3,60
1,2025,TBIO Sossego,14,2,Lavras,MG,"582,1",,"303,3",,2/17/2025,4/24/2025,3,66
1,2025,TBIO Sossego,14,3,Lavras,MG,"595,3",,"140,6",,2/17/2025,4/26/2025,3,68
1,2025,TBIO Sossego,14,4,Lavras,MG,"560,2",,"200,8",,2/17/2025,4/20/2025,3,62
1,2025,TBIO Valente,14,1,Lavras,MG,"1335,0",,"23,7",,2/17/2025,4/21/2025,3,63
1,2025,TBIO Valente,14,2,Lavras,MG,"1579,9",,"85,0",,2/17/2025,4/19/2025,3,61
1,2025,TBIO Valente,14,3,Lavras,MG,"1457,5",,,,2/17/2025,4/21/2025,3,63
1,2025,TBIO Valente,14,4,Lavras,MG,"1457,5",,,,2/17/2025,4/18/2025,3,60
2,2025,BRS 264,6,1,São Gotardo,MG,"780,4","70,2","1736,1",,2/13/2025,,1,
2,2025,BRS 264,6,2,São Gotardo,MG,"499,7","46,7","1600,0",,2/13/2025,,1,
2,2025,BRS 264,6,3,São Gotardo,MG,"2901,2","85,3","1110,8",,2/13/2025,,1,
2,2025,BRS 264,6,4,São Gotardo,MG,"798,5","70,7","749,6",,2/13/2025,,1,
2,2025,BRS 404,7,1,São Gotardo,MG,"2934,6","74,2","914,6",,2/13/2025,,3,
2,2025,BRS 404,7,2,São Gotardo,MG,"3599,5","69,3","772,8",,2/13/2025,,3,
2,2025,BRS 404,7,3,São Gotardo,MG,"1013,0","67,9","1026,4",,2/13/2025,,3,
2,2025,BRS 404,7,4,São Gotardo,MG,"2748,4","68,2","780,4",,2/13/2025,,3,
2,2025,BRS Savana,8,1,São Gotardo,MG,"2049,3","81,1","537,1",,2/13/2025,,1,
2,2025,BRS Savana,8,2,São Gotardo,MG,"3218,6","88,8","1601,0",,2/13/2025,,1,
2,2025,BRS Savana,8,3,São Gotardo,MG,"2620,2","77,4","1302,7",,2/13/2025,,1,
2,2025,BRS Savana,8,4,São Gotardo,MG,"3440,6","91,1","1441,4",,2/13/2025,,1,
2,2025,ORS 1403,1,1,São Gotardo,MG,"3586,0","70,5","1031,1",,2/13/2025,,3,
2,2025,ORS 1403,1,2,São Gotardo,MG,"3523,5","75,1","1306,7",,2/13/2025,,3,
2,2025,ORS 1403,1,3,São Gotardo,MG,"3761,3","67,5","1302,6",,2/13/2025,,3,
2,2025,ORS 1403,1,4,São Gotardo,MG,"3623,6","71,0","1586,5",,2/13/2025,,3,
2,2025,ORS Absoluto,2,1,São Gotardo,MG,"3000,2","68,9","1202,9",,2/13/2025,,2,
2,2025,ORS Absoluto,2,2,São Gotardo,MG,"2665,0","69,3","825,9",,2/13/2025,,2,
2,2025,ORS Absoluto,2,3,São Gotardo,MG,"2831,9","84,7","1475,4",,2/13/2025,,2,
2,2025,ORS Absoluto,2,4,São Gotardo,MG,"2036,3","74,3","1184,4",,2/13/2025,,2,
2,2025,ORS Feroz,3,1,São Gotardo,MG,"3448,8","70,0","535,4",,2/13/2025,,2,
2,2025,ORS Feroz,3,2,São Gotardo,MG,"3343,1","83,4","516,4",,2/13/2025,,2,
2,2025,ORS Feroz,3,3,São Gotardo,MG,"3507,9","74,7","515,3",,2/13/2025,,2,
2,2025,ORS Feroz,3,4,São Gotardo,MG,"2748,8","69,6","500,0",,2/13/2025,,2,
2,2025,ORS Guardião,4,1,São Gotardo,MG,"2372,7","75,7","500,0",,2/13/2025,,1,
2,2025,ORS Guardião,4,2,São Gotardo,MG,"2929,9","91,7","1614,8",,2/13/2025,,1,
2,2025,ORS Guardião,4,3,São Gotardo,MG,"3552,4","68,1","1444,3",,2/13/2025,,1,
2,2025,ORS Guardião,4,4,São Gotardo,MG,"2951,7","78,5","1518,1",,2/13/2025,,1,
2,2025,ORS Soberano,5,1,São Gotardo,MG,"2647,5","74,9","1766,0",,2/13/2025,,2,
2,2025,ORS Soberano,5,2,São Gotardo,MG,"2589,7","73,2","500,0",,2/13/2025,,2,
2,2025,ORS Soberano,5,3,São Gotardo,MG,"1986,6","84,9","500,0",,2/13/2025,,2,
2,2025,ORS Soberano,5,4,São Gotardo,MG,"3366,3","66,7","1569,3",,2/13/2025,,2,
2,2025,Semev. Trópico,10,1,São Gotardo,MG,"2659,5","85,7","500,0",,2/13/2025,,3,
2,2025,Semev. Trópico,10,2,São Gotardo,MG,"3702,8","89,8","1583,0",,2/13/2025,,3,
2,2025,Semev. Trópico,10,3,São Gotardo,MG,"2798,9","66,4","1460,6",,2/13/2025,,3,
2,2025,Semev. Trópico,10,4,São Gotardo,MG,"2193,7","66,6","1368,4",,2/13/2025,,3,
2,2025,TBIO Aton,9,1,São Gotardo,MG,"2817,1","75,8","1323,9",,2/13/2025,,3,
2,2025,TBIO Aton,9,2,São Gotardo,MG,"2824,1","66,4","1650,5",,2/13/2025,,3,
2,2025,TBIO Aton,9,3,São Gotardo,MG,"2857,7","74,8","1138,1",,2/13/2025,,3,
2,2025,TBIO Aton,9,4,São Gotardo,MG,"3239,8","66,1","589,1",,2/13/2025,,3,
2,2025,TBIO Calibre,11,1,São Gotardo,MG,"2911,5","72,9","1270,3",,2/13/2025,,1,
2,2025,TBIO Calibre,11,2,São Gotardo,MG,"3273,2","75,5","927,5",,2/13/2025,,1,
2,2025,TBIO Calibre,11,3,São Gotardo,MG,"2485,2","77,4","894,3",,2/13/2025,,1,
2,2025,TBIO Calibre,11,4,São Gotardo,MG,"3883,2","73,8","1353,2",,2/13/2025,,1,
2,2025,TBIO Convicto,12,1,São Gotardo,MG,"2823,0","68,2","500,0",,2/13/2025,,3,
2,2025,TBIO Convicto,12,2,São Gotardo,MG,"3077,6","72,5","1446,9",,2/13/2025,,3,
2,2025,TBIO Convicto,12,3,São Gotardo,MG,"2896,6","70,5","989,5",,2/13/2025,,3,
2,2025,TBIO Convicto,12,4,São Gotardo,MG,"2494,9","61,7","622,0",,2/13/2025,,3,
2,2025,TBIO Duque,13,1,São Gotardo,MG,"3013,7","78,3","1277,0",,2/13/2025,,2,
2,2025,TBIO Duque,13,2,São Gotardo,MG,"3262,0","81,0","1016,5",,2/13/2025,,2,
2,2025,TBIO Duque,13,3,São Gotardo,MG,"3247,9","75,7","1584,9",,2/13/2025,,2,
2,2025,TBIO Duque,13,4,São Gotardo,MG,"2531,6","72,0","1002,1",,2/13/2025,,2,
2,2025,TBIO Valente,14,1,São Gotardo,MG,"4445,0","87,4","1450,0",,2/13/2025,,3,
2,2025,TBIO Valente,14,2,São Gotardo,MG,"4079,6","72,9","1002,5",,2/13/2025,,3,
2,2025,TBIO Valente,14,3,São Gotardo,MG,"3335,1","86,0","1357,0",,2/13/2025,,3,
2,2025,TBIO Valente,14,4,São Gotardo,MG,"3505,5","75,2","436,5",,2/13/2025,,3,
3,2025,BRS 264,6,1,Londrina,PR,"2063,1","77,7","56,0",,3/27/2025,5/4/2025,1,38
3,2025,BRS 264,6,2,Londrina,PR,"2080,5","77,3","98,0",,3/27/2025,5/4/2025,1,38
3,2025,BRS 264,6,3,Londrina,PR,"1459,4","75,5","126,0",,3/27/2025,5/5/2025,1,39
3,2025,BRS 264,6,4,Londrina,PR,"1471,8","76,2","56,0",,3/27/2025,5/5/2025,1,39
3,2025,BRS 404,7,1,Londrina,PR,"1498,8","64,8","238,0",,3/27/2025,5/18/2025,3,52
3,2025,BRS 404,7,2,Londrina,PR,"1721,6","66,0","336,0",,3/27/2025,5/17/2025,3,51
3,2025,BRS 404,7,3,Londrina,PR,"1653,6","64,6","161,0",,3/27/2025,5/17/2025,3,51
3,2025,BRS 404,7,4,Londrina,PR,"1459,3","61,4","273,0",,3/27/2025,5/17/2025,3,51
3,2025,BRS Savana,8,1,Londrina,PR,"3042,0","74,3","31,5",,3/27/2025,5/8/2025,1,42
3,2025,BRS Savana,8,2,Londrina,PR,"2085,4","71,7","28,0",,3/27/2025,5/9/2025,1,43
3,2025,BRS Savana,8,3,Londrina,PR,"2798,5","74,8","35,0",,3/27/2025,5/9/2025,1,43
3,2025,BRS Savana,8,4,Londrina,PR,"2509,2","72,1","31,5",,3/27/2025,5/9/2025,1,43
3,2025,ORS 1403,1,1,Londrina,PR,"1711,9","65,1","10,5",,3/27/2025,5/22/2025,3,56
3,2025,ORS 1403,1,2,Londrina,PR,"1861,3","64,2","38,5",,3/27/2025,5/21/2025,3,55
3,2025,ORS 1403,1,3,Londrina,PR,"1453,5","59,9","14,0",,3/27/2025,5/22/2025,3,56
3,2025,ORS 1403,1,4,Londrina,PR,"1864,0","61,2","14,0",,3/27/2025,5/20/2025,3,54
3,2025,ORS Absoluto,2,1,Londrina,PR,"2013,1","59,6","21,0",,3/27/2025,5/17/2025,2,51
3,2025,ORS Absoluto,2,2,Londrina,PR,"1848,3","61,7","84,0",,3/27/2025,5/16/2025,2,50
3,2025,ORS Absoluto,2,3,Londrina,PR,"2290,5","61,7","73,5",,3/27/2025,5/14/2025,2,48
3,2025,ORS Absoluto,2,4,Londrina,PR,"2083,6","59,4","59,5",,3/27/2025,5/15/2025,2,49
3,2025,ORS Feroz,3,1,Londrina,PR,"1679,9","65,1","0,0",,3/27/2025,5/11/2025,2,45
3,2025,ORS Feroz,3,2,Londrina,PR,"2281,7","66,0","7,0",,3/27/2025,5/11/2025,2,45
3,2025,ORS Feroz,3,3,Londrina,PR,"2021,4","66,7","10,5",,3/27/2025,5/10/2025,2,44
3,2025,ORS Feroz,3,4,Londrina,PR,"2145,8","64,5","7,0",,3/27/2025,5/11/2025,2,45
3,2025,ORS Guardião,4,1,Londrina,PR,"2603,6","68,7","7,0",,3/27/2025,5/8/2025,1,42
3,2025,ORS Guardião,4,2,Londrina,PR,"2593,5","69,0","17,5",,3/27/2025,5/7/2025,1,41
3,2025,ORS Guardião,4,3,Londrina,PR,"2828,3","69,6","21,0",,3/27/2025,5/8/2025,1,42
3,2025,ORS Guardião,4,4,Londrina,PR,"2151,7","69,4","10,5",,3/27/2025,5/8/2025,1,42
3,2025,ORS Soberano,5,1,Londrina,PR,"1745,3","65,5","17,5",,3/27/2025,5/16/2025,2,50
3,2025,ORS Soberano,5,2,Londrina,PR,"1773,6","65,1","28,0",,3/27/2025,5/14/2025,2,48
3,2025,ORS Soberano,5,3,Londrina,PR,"1792,9","67,8","10,5",,3/27/2025,5/13/2025,2,47
3,2025,ORS Soberano,5,4,Londrina,PR,"1366,1","64,8","24,5",,3/27/2025,5/14/2025,2,48
3,2025,Semev. Trópico,10,1,Londrina,PR,"2239,0","65,5","10,5",,3/27/2025,5/19/2025,3,53
3,2025,Semev. Trópico,10,2,Londrina,PR,"1273,0","63,7","10,5",,3/27/2025,5/21/2025,3,55
3,2025,Semev. Trópico,10,3,Londrina,PR,"1430,2","65,7","14,0",,3/27/2025,5/20/2025,3,54
3,2025,Semev. Trópico,10,4,Londrina,PR,"1246,2","63,5","28,0",,3/27/2025,5/19/2025,3,53
3,2025,TBIO Aton,9,1,Londrina,PR,"2319,4","61,4","59,5",,3/27/2025,5/19/2025,3,53
3,2025,TBIO Aton,9,2,Londrina,PR,"1845,0","61,7","80,5",,3/27/2025,5/18/2025,3,52
3,2025,TBIO Aton,9,3,Londrina,PR,"1827,4","62,4","157,5",,3/27/2025,5/18/2025,3,52
3,2025,TBIO Aton,9,4,Londrina,PR,"1510,9","60,1","150,5",,3/27/2025,5/19/2025,3,53
3,2025,TBIO Calibre,11,1,Londrina,PR,"2168,0","67,4","14,0",,3/27/2025,5/9/2025,1,43
3,2025,TBIO Calibre,11,2,Londrina,PR,"2396,4","66,9","10,5",,3/27/2025,5/9/2025,1,43
3,2025,TBIO Calibre,11,3,Londrina,PR,"1843,8","65,5","14,0",,3/27/2025,5/11/2025,1,45
3,2025,TBIO Calibre,11,4,Londrina,PR,"2592,0","69,2","17,5",,3/27/2025,5/10/2025,1,44
3,2025,TBIO Convicto,12,1,Londrina,PR,"1561,9","59,6","3,5",,3/27/2025,5/22/2025,3,56
3,2025,TBIO Convicto,12,2,Londrina,PR,"1486,3","63,7","0,0",,3/27/2025,5/24/2025,3,58
3,2025,TBIO Convicto,12,3,Londrina,PR,"1613,9","61,4","3,5",,3/27/2025,5/23/2025,3,57
3,2025,TBIO Convicto,12,4,Londrina,PR,"1231,4","58,1","10,5",,3/27/2025,5/20/2025,3,54
3,2025,TBIO Duque,13,1,Londrina,PR,"1839,6","64,2","0,0",,3/27/2025,5/16/2025,2,50
3,2025,TBIO Duque,13,2,Londrina,PR,"1543,3","65,7","0,0",,3/27/2025,5/16/2025,2,50
3,2025,TBIO Duque,13,3,Londrina,PR,"1727,3","63,3","0,0",,3/27/2025,5/16/2025,2,50
3,2025,TBIO Duque,13,4,Londrina,PR,"978,9","63,5","0,0",,3/27/2025,5/16/2025,2,50
3,2025,TBIO Valente,14,1,Londrina,PR,"2170,8","63,9","0,0",,3/27/2025,5/17/2025,3,51
3,2025,TBIO Valente,14,2,Londrina,PR,"2093,8","63,0","0,0",,3/27/2025,5/18/2025,3,52
3,2025,TBIO Valente,14,3,Londrina,PR,"2314,2","64,6","0,0",,3/27/2025,5/17/2025,3,51
3,2025,TBIO Valente,14,4,Londrina,PR,"2218,3","66,5","0,0",,3/27/2025,5/17/2025,3,51
4,2025,BRS 264,6,1,Planaltina,DF,"1973,0","71,7","805,5",,2/24/2025,4/18/2025,1,53
4,2025,BRS 264,6,2,Planaltina,DF,"2069,6","73,4","779,5",,2/24/2025,4/18/2025,1,53
4,2025,BRS 264,6,3,Planaltina,DF,"2226,4","69,9","932,0",,2/24/2025,4/18/2025,1,53
4,2025,BRS 264,6,4,Planaltina,DF,"1728,6","66,7","952,0",,2/24/2025,4/18/2025,1,53
4,2025,BRS 404,7,1,Planaltina,DF,"3043,6","81,5","498,0",,2/24/2025,4/30/2025,3,65
4,2025,BRS 404,7,2,Planaltina,DF,"2945,8","79,7","382,0",,2/24/2025,4/30/2025,3,65
4,2025,BRS 404,7,3,Planaltina,DF,"3036,8","78,6","677,5",,2/24/2025,4/30/2025,3,65
4,2025,BRS 404,7,4,Planaltina,DF,"3339,0","80,6","576,5",,2/24/2025,4/30/2025,3,65
4,2025,BRS Savana,8,1,Planaltina,DF,"3725,4","82,5","71,0",,2/24/2025,4/22/2025,1,57
4,2025,BRS Savana,8,2,Planaltina,DF,"3559,0","81,7","72,5",,2/24/2025,4/22/2025,1,57
4,2025,BRS Savana,8,3,Planaltina,DF,"4394,4","82,9","94,5",,2/24/2025,4/22/2025,1,57
4,2025,BRS Savana,8,4,Planaltina,DF,"3757,8","82,2","102,5",,2/24/2025,4/22/2025,1,57
4,2025,ORS 1403,1,1,Planaltina,DF,"3873,8","81,5","27,0",,2/24/2025,5/7/2025,3,72
4,2025,ORS 1403,1,2,Planaltina,DF,"3486,8","81,1","39,5",,2/24/2025,5/7/2025,3,72
4,2025,ORS 1403,1,3,Planaltina,DF,"3615,4","80,8","54,0",,2/24/2025,5/7/2025,3,72
4,2025,ORS 1403,1,4,Planaltina,DF,"4098,0","81,7","70,0",,2/24/2025,5/7/2025,3,72
4,2025,ORS Absoluto,2,1,Planaltina,DF,"3615,8","79,5","157,5",,2/24/2025,4/25/2025,2,60
4,2025,ORS Absoluto,2,2,Planaltina,DF,"3541,2","79,3","161,5",,2/24/2025,4/25/2025,2,60
4,2025,ORS Absoluto,2,3,Planaltina,DF,"3301,2","78,4","324,0",,2/24/2025,4/25/2025,2,60
4,2025,ORS Absoluto,2,4,Planaltina,DF,"3667,2","78,8","280,5",,2/24/2025,4/25/2025,2,60
4,2025,ORS Feroz,3,1,Planaltina,DF,"2864,6","79,5","75,5",,2/24/2025,4/23/2025,2,58
4,2025,ORS Feroz,3,2,Planaltina,DF,"2951,0","79,7","49,0",,2/24/2025,4/23/2025,2,58
4,2025,ORS Feroz,3,3,Planaltina,DF,"3017,0","79,7","51,5",,2/24/2025,4/23/2025,2,58
4,2025,ORS Feroz,3,4,Planaltina,DF,"3260,4","79,9","90,0",,2/24/2025,4/23/2025,2,58
4,2025,ORS Guardião,4,1,Planaltina,DF,"3119,2","80,4","27,5",,2/24/2025,4/22/2025,1,57
4,2025,ORS Guardião,4,2,Planaltina,DF,"3473,8","79,9","64,5",,2/24/2025,4/22/2025,1,57
4,2025,ORS Guardião,4,3,Planaltina,DF,"3340,6","80,4","59,0",,2/24/2025,4/22/2025,1,57
4,2025,ORS Guardião,4,4,Planaltina,DF,"3549,4","79,9","92,5",,2/24/2025,4/22/2025,1,57
4,2025,ORS Soberano,5,1,Planaltina,DF,"3170,4","80,2","172,0",,2/24/2025,4/25/2025,2,60
4,2025,ORS Soberano,5,2,Planaltina,DF,"3455,2","79,3","164,0",,2/24/2025,4/25/2025,2,60
4,2025,ORS Soberano,5,3,Planaltina,DF,"3678,4","80,4","163,0",,2/24/2025,4/25/2025,2,60
4,2025,ORS Soberano,5,4,Planaltina,DF,"3293,2","79,3","325,0",,2/24/2025,4/25/2025,2,60
4,2025,Semev. Trópico,10,1,Planaltina,DF,"3755,0","79,7","87,0",,2/24/2025,5/6/2025,3,71
4,2025,Semev. Trópico,10,2,Planaltina,DF,"3868,2","79,3","191,5",,2/24/2025,5/6/2025,3,71
4,2025,Semev. Trópico,10,3,Planaltina,DF,"3675,2","78,4","89,5",,2/24/2025,5/6/2025,3,71
4,2025,Semev. Trópico,10,4,Planaltina,DF,"3704,8","79,7","66,5",,2/24/2025,5/6/2025,3,71
4,2025,TBIO Aton,9,1,Planaltina,DF,"3734,8","79,9","238,5",,2/24/2025,4/29/2025,3,64
4,2025,TBIO Aton,9,2,Planaltina,DF,"3515,2","79,5","242,5",,2/24/2025,4/29/2025,3,64
4,2025,TBIO Aton,9,3,Planaltina,DF,"3632,0","79,9","116,5",,2/24/2025,4/29/2025,3,64
4,2025,TBIO Aton,9,4,Planaltina,DF,"3510,4","80,4","155,5",,2/24/2025,4/29/2025,3,64
4,2025,TBIO Calibre,11,1,Planaltina,DF,"3734,8","80,8","77,0",,2/24/2025,4/23/2025,1,58
4,2025,TBIO Calibre,11,2,Planaltina,DF,"3242,8","79,9","80,5",,2/24/2025,4/23/2025,1,58
4,2025,TBIO Calibre,11,3,Planaltina,DF,"3136,2","78,8","34,5",,2/24/2025,4/23/2025,1,58
4,2025,TBIO Calibre,11,4,Planaltina,DF,"4102,0","81,1","78,0",,2/24/2025,4/23/2025,1,58
4,2025,TBIO Convicto,12,1,Planaltina,DF,"3377,8","80,8","0,0",,2/24/2025,5/8/2025,3,73
4,2025,TBIO Convicto,12,2,Planaltina,DF,"3478,6","80,6","19,5",,2/24/2025,5/8/2025,3,73
4,2025,TBIO Convicto,12,3,Planaltina,DF,"2848,8","79,7","4,0",,2/24/2025,5/8/2025,3,73
4,2025,TBIO Convicto,12,4,Planaltina,DF,"3089,8","80,4","4,0",,2/24/2025,5/8/2025,3,73
4,2025,TBIO Duque,13,1,Planaltina,DF,"3055,2","79,9","20,0",,2/24/2025,5/2/2025,2,67
4,2025,TBIO Duque,13,2,Planaltina,DF,"2973,8","79,3","23,5",,2/24/2025,5/2/2025,2,67
4,2025,TBIO Duque,13,3,Planaltina,DF,"3194,4","78,4","51,0",,2/24/2025,5/2/2025,2,67
4,2025,TBIO Duque,13,4,Planaltina,DF,"3355,6","79,3","65,5",,2/24/2025,5/2/2025,2,67
4,2025,TBIO Valente,14,1,Planaltina,DF,"4773,2","84,7","12,0",,2/24/2025,4/30/2025,3,65
4,2025,TBIO Valente,14,2,Planaltina,DF,"4874,8","84,5","8,0",,2/24/2025,4/30/2025,3,65
4,2025,TBIO Valente,14,3,Planaltina,DF,"4577,0","84,5","35,5",,2/24/2025,4/30/2025,3,65
4,2025,TBIO Valente,14,4,Planaltina,DF,,"83,8","81,5",,2/24/2025,4/30/2025,3,65
5,2025,BRS 264,6,1,Eduardo Magalhães,BA,"2020,0","76,9","1120,5",,4/22/2024,,1,
5,2025,BRS 264,6,2,Eduardo Magalhães,BA,"2297,7","75,0","1214,0",,4/22/2024,,1,
5,2025,BRS 264,6,3,Eduardo Magalhães,BA,"1620,7","75,4","924,0",,4/22/2024,,1,
5,2025,BRS 264,6,4,Eduardo Magalhães,BA,"1847,7","76,8","1273,5",,4/22/2024,,1,
5,2025,BRS Savana,8,1,Eduardo Magalhães,BA,"2133,2","83,2","665,5",,4/22/2024,,1,
5,2025,BRS Savana,8,2,Eduardo Magalhães,BA,"2284,0","80,1","537,5",,4/22/2024,,1,
5,2025,BRS Savana,8,3,Eduardo Magalhães,BA,"1617,9","85,2","574,0",,4/22/2024,,1,
5,2025,BRS Savana,8,4,Eduardo Magalhães,BA,"2242,0","79,1","142,0",,4/22/2024,,1,
5,2025,ORS 1403,1,1,Eduardo Magalhães,BA,"2339,1","80,5","80,5",,4/22/2024,,3,
5,2025,ORS 1403,1,2,Eduardo Magalhães,BA,"2517,0","77,9","0,0",,4/22/2024,,3,
5,2025,ORS 1403,1,3,Eduardo Magalhães,BA,"1681,6","78,2","281,5",,4/22/2024,,3,
5,2025,ORS 1403,1,4,Eduardo Magalhães,BA,"2191,2","81,9","47,0",,4/22/2024,,3,
5,2025,ORS Absoluto,2,1,Eduardo Magalhães,BA,"2532,8","76,6","453,0",,4/22/2024,,2,
5,2025,ORS Absoluto,2,2,Eduardo Magalhães,BA,"2124,9","74,7","413,0",,4/22/2024,,2,
5,2025,ORS Absoluto,2,3,Eduardo Magalhães,BA,"1997,7","79,3","645,5",,4/22/2024,,2,
5,2025,ORS Absoluto,2,4,Eduardo Magalhães,BA,"2185,8","76,2","91,5",,4/22/2024,,2,
5,2025,ORS Feroz,3,1,Eduardo Magalhães,BA,"652,8","83,3","100,0",,4/22/2024,,2,
5,2025,ORS Feroz,3,2,Eduardo Magalhães,BA,"1682,8","10,8","395,5",,4/22/2024,,2,
5,2025,ORS Feroz,3,3,Eduardo Magalhães,BA,"1939,9","73,2","0,0",,4/22/2024,,2,
5,2025,ORS Feroz,3,4,Eduardo Magalhães,BA,"1674,6","74,6","67,5",,4/22/2024,,2,
5,2025,ORS Guardião,4,1,Eduardo Magalhães,BA,"2234,2","82,0","954,0",,4/22/2024,,1,
5,2025,ORS Guardião,4,2,Eduardo Magalhães,BA,"2082,3","79,0","651,5",,4/22/2024,,1,
5,2025,ORS Guardião,4,3,Eduardo Magalhães,BA,"1604,7","78,9","851,0",,4/22/2024,,1,
5,2025,ORS Guardião,4,4,Eduardo Magalhães,BA,"2185,8","80,3","1094,5",,4/22/2024,,1,
5,2025,ORS Soberano,5,1,Eduardo Magalhães,BA,"2219,0","82,3","336,0",,4/22/2024,,2,
5,2025,ORS Soberano,5,2,Eduardo Magalhães,BA,"1982,8","79,3","825,0",,4/22/2024,,2,
5,2025,ORS Soberano,5,3,Eduardo Magalhães,BA,"2199,7","71,9","442,5",,4/22/2024,,2,
5,2025,ORS Soberano,5,4,Eduardo Magalhães,BA,"1548,9","82,5","565,5",,4/22/2024,,2,
5,2025,Semev. Trópico,10,1,Eduardo Magalhães,BA,"2331,7","83,0","304,0",,4/22/2024,,3,
5,2025,Semev. Trópico,10,2,Eduardo Magalhães,BA,"2792,2","74,5","425,5",,4/22/2024,,3,
5,2025,Semev. Trópico,10,3,Eduardo Magalhães,BA,"838,8","76,8","113,5",,4/22/2024,,3,
5,2025,Semev. Trópico,10,4,Eduardo Magalhães,BA,"2627,8","79,1","455,5",,4/22/2024,,3,
5,2025,TBIO Aton,9,1,Eduardo Magalhães,BA,"2193,7","82,1","146,5",,4/22/2024,,3,
5,2025,TBIO Aton,9,2,Eduardo Magalhães,BA,"2217,8","77,8","173,0",,4/22/2024,,3,
5,2025,TBIO Aton,9,3,Eduardo Magalhães,BA,"2328,3","80,1","154,0",,4/22/2024,,3,
5,2025,TBIO Aton,9,4,Eduardo Magalhães,BA,"2517,0","80,9","16,5",,4/22/2024,,3,
5,2025,TBIO Calibre,11,1,Eduardo Magalhães,BA,"2186,3","82,6","186,0",,4/22/2024,,1,
5,2025,TBIO Calibre,11,2,Eduardo Magalhães,BA,"2140,2","73,2","685,0",,4/22/2024,,1,
5,2025,TBIO Calibre,11,3,Eduardo Magalhães,BA,"871,2","80,4","0,0",,4/22/2024,,1,
5,2025,TBIO Calibre,11,4,Eduardo Magalhães,BA,"1819,4","76,0","64,0",,4/22/2024,,1,
5,2025,TBIO Convicto,12,1,Eduardo Magalhães,BA,"2279,0","80,9","113,0",,4/22/2024,,3,
5,2025,TBIO Convicto,12,2,Eduardo Magalhães,BA,"1911,7","81,5","39,0",,4/22/2024,,3,
5,2025,TBIO Convicto,12,3,Eduardo Magalhães,BA,"1478,5","79,6","168,0",,4/22/2024,,3,
5,2025,TBIO Convicto,12,4,Eduardo Magalhães,BA,"2332,8","80,6","16,5",,4/22/2024,,3,
5,2025,TBIO Duque,13,1,Eduardo Magalhães,BA,"2434,1","82,6","59,0",,4/22/2024,,2,
5,2025,TBIO Duque,13,2,Eduardo Magalhães,BA,"1506,2","72,8","223,5",,4/22/2024,,2,
5,2025,TBIO Duque,13,3,Eduardo Magalhães,BA,"1933,7","77,9","0,0",,4/22/2024,,2,
5,2025,TBIO Duque,13,4,Eduardo Magalhães,BA,"1247,1","78,7","0,0",,4/22/2024,,2,
5,2025,TBIO Valente,14,1,Eduardo Magalhães,BA,"2809,1","81,3","284,0",,4/22/2024,,3,
5,2025,TBIO Valente,14,2,Eduardo Magalhães,BA,"2134,7","79,2","245,5",,4/22/2024,,3,
5,2025,TBIO Valente,14,3,Eduardo Magalhães,BA,"1667,0","80,0","368,5",,4/22/2024,,3,
5,2025,TBIO Valente,14,4,Eduardo Magalhães,BA,"2247,0","80,9","31,0",,4/22/2024,,3,
6,2025,BRS 264,6,1,Uberaba,MG,,,"950,0",,2/17/2025,,1,
6,2025,BRS 264,6,2,Uberaba,MG,,,"975,0",,2/17/2025,,1,
6,2025,BRS 264,6,3,Uberaba,MG,,,"975,0",,2/17/2025,,1,
6,2025,BRS 264,6,4,Uberaba,MG,,,"975,0",,2/17/2025,,1,
6,2025,BRS 404,7,1,Uberaba,MG,,,"462,5",,2/17/2025,,3,
6,2025,BRS 404,7,2,Uberaba,MG,,,"457,5",,2/17/2025,,3,
6,2025,BRS 404,7,3,Uberaba,MG,,,"702,5",,2/17/2025,,3,
6,2025,BRS 404,7,4,Uberaba,MG,,,"702,5",,2/17/2025,,3,
6,2025,BRS Savana,8,1,Uberaba,MG,,,"355,0",,2/17/2025,,1,
6,2025,BRS Savana,8,2,Uberaba,MG,,,"305,0",,2/17/2025,,1,
6,2025,BRS Savana,8,3,Uberaba,MG,,,"610,0",,2/17/2025,,1,
6,2025,BRS Savana,8,4,Uberaba,MG,,,"585,0",,2/17/2025,,1,
6,2025,ORS 1403,1,1,Uberaba,MG,,,"500,0",,2/17/2025,,3,
6,2025,ORS 1403,1,2,Uberaba,MG,,,"540,0",,2/17/2025,,3,
6,2025,ORS 1403,1,3,Uberaba,MG,,,"480,0",,2/17/2025,,3,
6,2025,ORS 1403,1,4,Uberaba,MG,,,"490,0",,2/17/2025,,3,
6,2025,ORS Absoluto,2,1,Uberaba,MG,,,"540,0",,2/17/2025,,2,
6,2025,ORS Absoluto,2,2,Uberaba,MG,,,"720,0",,2/17/2025,,2,
6,2025,ORS Absoluto,2,3,Uberaba,MG,,,"700,0",,2/17/2025,,2,
6,2025,ORS Absoluto,2,4,Uberaba,MG,,,"610,0",,2/17/2025,,2,
6,2025,ORS Feroz,3,1,Uberaba,MG,,,"567,5",,2/17/2025,,2,
6,2025,ORS Feroz,3,2,Uberaba,MG,,,"585,0",,2/17/2025,,2,
6,2025,ORS Feroz,3,3,Uberaba,MG,,,"617,5",,2/17/2025,,2,
6,2025,ORS Feroz,3,4,Uberaba,MG,,,"620,0",,2/17/2025,,2,
6,2025,ORS Guardião,4,1,Uberaba,MG,,,"720,0",,2/17/2025,,1,
6,2025,ORS Guardião,4,2,Uberaba,MG,,,"660,0",,2/17/2025,,1,
6,2025,ORS Guardião,4,3,Uberaba,MG,,,"620,0",,2/17/2025,,1,
6,2025,ORS Guardião,4,4,Uberaba,MG,,,"475,0",,2/17/2025,,1,
6,2025,ORS Soberano,5,1,Uberaba,MG,,,"401,3",,2/17/2025,,2,
6,2025,ORS Soberano,5,2,Uberaba,MG,,,"677,5",,2/17/2025,,2,
6,2025,ORS Soberano,5,3,Uberaba,MG,,,"630,0",,2/17/2025,,2,
6,2025,ORS Soberano,5,4,Uberaba,MG,,,"720,0",,2/17/2025,,2,
6,2025,Semev. Trópico,10,1,Uberaba,MG,,,"700,0",,2/17/2025,,3,
6,2025,Semev. Trópico,10,2,Uberaba,MG,,,"690,0",,2/17/2025,,3,
6,2025,Semev. Trópico,10,3,Uberaba,MG,,,"540,0",,2/17/2025,,3,
6,2025,Semev. Trópico,10,4,Uberaba,MG,,,"470,0",,2/17/2025,,3,
6,2025,TBIO Aton,9,1,Uberaba,MG,,,"700,0",,2/17/2025,,3,
6,2025,TBIO Aton,9,2,Uberaba,MG,,,"700,0",,2/17/2025,,3,
6,2025,TBIO Aton,9,3,Uberaba,MG,,,"600,0",,2/17/2025,,3,
6,2025,TBIO Aton,9,4,Uberaba,MG,,,"640,0",,2/17/2025,,3,
6,2025,TBIO Calibre,11,1,Uberaba,MG,,,"617,5",,2/17/2025,,1,
6,2025,TBIO Calibre,11,2,Uberaba,MG,,,"562,5",,2/17/2025,,1,
6,2025,TBIO Calibre,11,3,Uberaba,MG,,,"565,0",,2/17/2025,,1,
6,2025,TBIO Calibre,11,4,Uberaba,MG,,,"430,0",,2/17/2025,,1,
6,2025,TBIO Convicto,12,1,Uberaba,MG,,,"100,0",,2/17/2025,,3,
6,2025,TBIO Convicto,12,2,Uberaba,MG,,,"181,0",,2/17/2025,,3,
6,2025,TBIO Convicto,12,3,Uberaba,MG,,,"120,2",,2/17/2025,,3,
6,2025,TBIO Convicto,12,4,Uberaba,MG,,,,,2/17/2025,,3,
6,2025,TBIO Duque,13,1,Uberaba,MG,,,"620,0",,2/17/2025,,2,
6,2025,TBIO Duque,13,2,Uberaba,MG,,,"530,0",,2/17/2025,,2,
6,2025,TBIO Duque,13,3,Uberaba,MG,,,"460,2",,2/17/2025,,2,
6,2025,TBIO Duque,13,4,Uberaba,MG,,,"244,0",,2/17/2025,,2,
6,2025,TBIO Valente,14,1,Uberaba,MG,,,"440,0",,2/17/2025,,3,
6,2025,TBIO Valente,14,2,Uberaba,MG,,,"380,0",,2/17/2025,,3,
6,2025,TBIO Valente,14,3,Uberaba,MG,,,"460,0",,2/17/2025,,3,
6,2025,TBIO Valente,14,4,Uberaba,MG,,,"510,0",,2/17/2025,,3,
7,2024,BRS 264,2,1,Maracaju,MS,"1856,5","74,5",,,4/21/2024,6/2/2024,1,42
7,2024,BRS 264,2,2,Maracaju,MS,"2075,9","79,3",,,4/21/2024,6/3/2024,1,43
7,2024,BRS 264,2,3,Maracaju,MS,"1754,7","82,4",,,4/21/2024,6/5/2024,1,45
7,2024,BRS 264,2,4,Maracaju,MS,"1936,8","71,4",,,4/21/2024,6/6/2024,1,46
7,2024,BRS 404,12,1,Maracaju,MS,"2247,4","80,8",,,4/21/2024,6/10/2024,3,50
7,2024,BRS 404,12,2,Maracaju,MS,"2565,4","84,0",,,4/21/2024,6/10/2024,3,50
7,2024,BRS 404,12,3,Maracaju,MS,"2890,7","85,9",,,4/21/2024,6/10/2024,3,50
7,2024,BRS 404,12,4,Maracaju,MS,"2514,7","84,4",,,4/21/2024,6/10/2024,3,50
7,2024,FPS Luminus,10,1,Maracaju,MS,"1048,3","74,5",,,4/21/2024,6/20/2024,3,60
7,2024,FPS Luminus,10,2,Maracaju,MS,"1471,7","77,4",,,4/21/2024,6/20/2024,3,60
7,2024,FPS Luminus,10,3,Maracaju,MS,"1370,2","77,5",,,4/21/2024,6/22/2024,3,62
7,2024,FPS Luminus,10,4,Maracaju,MS,"1211,1","74,9",,,4/21/2024,6/22/2024,3,62
7,2024,FPS Regente,4,1,Maracaju,MS,"1363,0","78,3",,,4/21/2024,6/10/2024,2,50
7,2024,FPS Regente,4,2,Maracaju,MS,"751,4","73,7",,,4/21/2024,6/22/2024,2,62
7,2024,FPS Regente,4,3,Maracaju,MS,"915,5","78,6",,,4/21/2024,6/14/2024,2,54
7,2024,FPS Regente,4,4,Maracaju,MS,"1013,0","76,3",,,4/21/2024,6/14/2024,2,54
7,2024,FPS Xerife,11,1,Maracaju,MS,"1593,1","82,9",,,4/21/2024,6/20/2024,3,60
7,2024,FPS Xerife,11,2,Maracaju,MS,"1366,7","76,3",,,4/21/2024,6/22/2024,3,62
7,2024,FPS Xerife,11,3,Maracaju,MS,"1422,9","79,7",,,4/21/2024,6/22/2024,3,62
7,2024,FPS Xerife,11,4,Maracaju,MS,"1835,5","77,9",,,4/21/2024,6/22/2024,3,62
7,2024,IPF 86749,6,1,Maracaju,MS,"1812,0","84,1",,,4/21/2024,6/14/2024,2,54
7,2024,IPF 86749,6,2,Maracaju,MS,"1546,0","85,8",,,4/21/2024,6/16/2024,2,56
7,2024,IPF 86749,6,3,Maracaju,MS,"2030,6","77,2",,,4/21/2024,6/14/2024,2,54
7,2024,IPF 86749,6,4,Maracaju,MS,"1471,5","83,1",,,4/21/2024,6/14/2024,2,54
7,2024,ORS 1401,8,1,Maracaju,MS,"2391,4","82,5",,,4/21/2024,6/22/2024,3,62
7,2024,ORS 1401,8,2,Maracaju,MS,"2673,6","79,2",,,4/21/2024,6/20/2024,3,60
7,2024,ORS 1401,8,3,Maracaju,MS,"1402,0","76,3",,,4/21/2024,6/24/2024,3,64
7,2024,ORS 1401,8,4,Maracaju,MS,"1647,5","77,5",,,4/21/2024,6/20/2024,3,60
7,2024,ORS 1403,9,1,Maracaju,MS,"2609,0","80,9",,,4/21/2024,6/22/2024,3,62
7,2024,ORS 1403,9,2,Maracaju,MS,"2711,1","78,2",,,4/21/2024,6/20/2024,3,60
7,2024,ORS 1403,9,3,Maracaju,MS,"1976,0","78,8",,,4/21/2024,6/22/2024,3,62
7,2024,ORS 1403,9,4,Maracaju,MS,"2574,4","79,4",,,4/21/2024,6/22/2024,3,62
7,2024,ORS Feroz,1,1,Maracaju,MS,"1281,5","82,0",,,4/21/2024,6/8/2024,1,48
7,2024,ORS Feroz,1,2,Maracaju,MS,"1406,1","80,6",,,4/21/2024,6/8/2024,1,48
7,2024,ORS Feroz,1,3,Maracaju,MS,"1743,7","78,4",,,4/21/2024,6/6/2024,1,46
7,2024,ORS Feroz,1,4,Maracaju,MS,"1527,6","85,7",,,4/21/2024,6/14/2024,1,54
7,2024,TBIO Aton,3,1,Maracaju,MS,"2070,2","75,6",,,4/21/2024,6/14/2024,2,54
7,2024,TBIO Aton,3,2,Maracaju,MS,"2556,3","76,9",,,4/21/2024,6/17/2024,2,57
7,2024,TBIO Aton,3,3,Maracaju,MS,"2216,0","83,3",,,4/21/2024,6/17/2024,2,57
7,2024,TBIO Aton,3,4,Maracaju,MS,"2272,6","81,0",,,4/21/2024,6/17/2024,2,57
7,2024,TBIO Duque,5,1,Maracaju,MS,"2087,7","80,1",,,4/21/2024,6/14/2024,2,54
7,2024,TBIO Duque,5,2,Maracaju,MS,"1547,8","79,4",,,4/21/2024,6/16/2024,2,56
7,2024,TBIO Duque,5,3,Maracaju,MS,"1856,1","80,5",,,4/21/2024,6/14/2024,2,54
7,2024,TBIO Duque,5,4,Maracaju,MS,"1994,7","78,3",,,4/21/2024,6/20/2024,2,60
7,2024,TBIO Sossego,7,1,Maracaju,MS,"2349,7","77,4",,,4/21/2024,6/20/2024,3,60
7,2024,TBIO Sossego,7,2,Maracaju,MS,"1804,0","78,0",,,4/21/2024,6/22/2024,3,62
7,2024,TBIO Sossego,7,3,Maracaju,MS,"2105,5","77,4",,,4/21/2024,6/22/2024,3,62
7,2024,TBIO Sossego,7,4,Maracaju,MS,"2095,0","74,7",,,4/21/2024,6/20/2024,3,60
8,2024,BRS 264,2,1,Planaltina,DF,"1324,6","71,2","829,5",,3/7/2024,4/22/2024,1,46
8,2024,BRS 264,2,2,Planaltina,DF,"1879,2","73,2","780,5",,3/7/2024,4/22/2024,1,46
8,2024,BRS 264,2,3,Planaltina,DF,"2085,2","72,8","714,0",,3/7/2024,4/22/2024,1,46
8,2024,BRS 264,2,4,Planaltina,DF,"1692,8","73,2","878,5",,3/7/2024,4/22/2024,1,46
8,2024,BRS 404,12,1,Planaltina,DF,"2036,8","81,5","94,5",,3/7/2024,5/8/2024,3,62
8,2024,BRS 404,12,2,Planaltina,DF,"2193,0","82,2","108,5",,3/7/2024,5/8/2024,3,62
8,2024,BRS 404,12,3,Planaltina,DF,"2525,4","80,8","63,0",,3/7/2024,5/8/2024,3,62
8,2024,BRS 404,12,4,Planaltina,DF,"2322,0","82,0","38,5",,3/7/2024,5/8/2024,3,62
8,2024,FPS Luminus,10,1,Planaltina,DF,"1597,0","79,3","0,0",,3/7/2024,5/8/2024,3,62
8,2024,FPS Luminus,10,2,Planaltina,DF,"1324,8","79,5","21,0",,3/7/2024,5/8/2024,3,62
8,2024,FPS Luminus,10,3,Planaltina,DF,"1722,4","79,0","10,5",,3/7/2024,5/8/2024,3,62
8,2024,FPS Luminus,10,4,Planaltina,DF,"1611,2","78,7","10,5",,3/7/2024,5/8/2024,3,62
8,2024,FPS Regente,4,1,Planaltina,DF,"1561,2","77,7","24,5",,3/7/2024,4/30/2024,2,54
8,2024,FPS Regente,4,2,Planaltina,DF,"1527,6","77,7","59,5",,3/7/2024,4/30/2024,2,54
8,2024,FPS Regente,4,3,Planaltina,DF,"1303,8","78,2","49,0",,3/7/2024,4/30/2024,2,54
8,2024,FPS Regente,4,4,Planaltina,DF,"1421,8","78,2","21,0",,3/7/2024,4/30/2024,2,54
8,2024,FPS Xerife,11,1,Planaltina,DF,"1410,8","81,3","0,0",,3/7/2024,5/10/2024,3,64
8,2024,FPS Xerife,11,2,Planaltina,DF,"1624,0","81,3","0,0",,3/7/2024,5/10/2024,3,64
8,2024,FPS Xerife,11,3,Planaltina,DF,"2027,8","80,8","0,0",,3/7/2024,5/10/2024,3,64
8,2024,FPS Xerife,11,4,Planaltina,DF,"1585,2","81,1","0,0",,3/7/2024,5/10/2024,3,64
8,2024,IPF 86749,6,1,Planaltina,DF,"1250,4","81,1","0,0",,3/7/2024,5/10/2024,2,64
8,2024,IPF 86749,6,2,Planaltina,DF,"1053,0","80,4","0,0",,3/7/2024,5/10/2024,2,64
8,2024,IPF 86749,6,3,Planaltina,DF,"1478,8","80,2","0,0",,3/7/2024,5/10/2024,2,64
8,2024,IPF 86749,6,4,Planaltina,DF,"1536,0","80,4","0,0",,3/7/2024,5/10/2024,2,64
8,2024,ORS 1401,8,1,Planaltina,DF,"1676,2","80,4","0,0",,3/7/2024,5/10/2024,3,64
8,2024,ORS 1401,8,2,Planaltina,DF,"1808,2","80,4","0,0",,3/7/2024,5/10/2024,3,64
8,2024,ORS 1401,8,3,Planaltina,DF,"2079,2","81,3","0,0",,3/7/2024,5/10/2024,3,64
8,2024,ORS 1401,8,4,Planaltina,DF,"2084,2","80,4","0,0",,3/7/2024,5/10/2024,3,64
8,2024,ORS 1403,9,1,Planaltina,DF,"1853,4","80,4","0,0",,3/7/2024,5/8/2024,3,62
8,2024,ORS 1403,9,2,Planaltina,DF,"1799,6","79,9","0,0",,3/7/2024,5/8/2024,3,62
8,2024,ORS 1403,9,3,Planaltina,DF,"1631,0","80,4","0,0",,3/7/2024,5/8/2024,3,62
8,2024,ORS 1403,9,4,Planaltina,DF,"1793,2","81,3","10,5",,3/7/2024,5/8/2024,3,62
8,2024,ORS Feroz,1,1,Planaltina,DF,"1817,6","75,9","108,5",,3/7/2024,4/26/2024,1,50
8,2024,ORS Feroz,1,2,Planaltina,DF,"2280,2","76,8","126,0",,3/7/2024,4/26/2024,1,50
8,2024,ORS Feroz,1,3,Planaltina,DF,"1978,6","76,6","87,5",,3/7/2024,4/26/2024,1,50
8,2024,ORS Feroz,1,4,Planaltina,DF,"2116,8","75,5","171,5",,3/7/2024,4/26/2024,1,50
8,2024,TBIO Aton,3,1,Planaltina,DF,"2252,6","79,9","3,5",,3/7/2024,5/3/2024,2,57
8,2024,TBIO Aton,3,2,Planaltina,DF,"2280,4","79,7","17,5",,3/7/2024,5/3/2024,2,57
8,2024,TBIO Aton,3,3,Planaltina,DF,"2118,8","78,4","10,5",,3/7/2024,5/3/2024,2,57
8,2024,TBIO Aton,3,4,Planaltina,DF,"1785,2","79,0","21,0",,3/7/2024,5/3/2024,2,57
8,2024,TBIO Duque,5,1,Planaltina,DF,"1628,2","78,6","0,0",,3/7/2024,5/2/2024,2,56
8,2024,TBIO Duque,5,2,Planaltina,DF,"2106,8","79,0","10,5",,3/7/2024,5/2/2024,2,56
8,2024,TBIO Duque,5,3,Planaltina,DF,"1417,6","78,6","0,0",,3/7/2024,5/2/2024,2,56
8,2024,TBIO Duque,5,4,Planaltina,DF,"1694,0","78,6","10,5",,3/7/2024,5/2/2024,2,56
8,2024,TBIO Sossego,7,1,Planaltina,DF,"1352,0","80,6","0,0",,3/7/2024,5/8/2024,3,62
8,2024,TBIO Sossego,7,2,Planaltina,DF,"1735,6","81,7","0,0",,3/7/2024,5/8/2024,3,62
8,2024,TBIO Sossego,7,3,Planaltina,DF,"1806,8","80,4","0,0",,3/7/2024,5/8/2024,3,62
8,2024,TBIO Sossego,7,4,Planaltina,DF,"1511,2","80,4","0,0",,3/7/2024,5/8/2024,3,62
9,2024,BRS 264,2,1,Lavras,MG,,,"502,2",,1/9/2024,3/8/2024,1,59
9,2024,BRS 264,2,2,Lavras,MG,,,"441,2",,1/9/2024,3/8/2024,1,59
9,2024,BRS 264,2,3,Lavras,MG,,,"556,3",,1/9/2024,3/8/2024,1,59
9,2024,BRS 264,2,4,Lavras,MG,,,"700,0",,1/9/2024,3/8/2024,1,59
9,2024,BRS 404,12,1,Lavras,MG,,,"446,8",,1/9/2024,3/23/2024,3,74
9,2024,BRS 404,12,2,Lavras,MG,,,,,1/9/2024,3/27/2024,3,78
9,2024,BRS 404,12,3,Lavras,MG,,,,,1/9/2024,3/27/2024,3,78
9,2024,BRS 404,12,4,Lavras,MG,,,,,1/9/2024,3/27/2024,3,78
9,2024,FPS Luminus,10,1,Lavras,MG,,,"203,8",,1/9/2024,3/20/2024,3,71
9,2024,FPS Luminus,10,2,Lavras,MG,,,"138,4",,1/9/2024,3/24/2024,3,75
9,2024,FPS Luminus,10,3,Lavras,MG,,,"379,5",,1/9/2024,3/20/2024,3,71
9,2024,FPS Luminus,10,4,Lavras,MG,,,"132,3",,1/9/2024,3/24/2024,3,75
9,2024,FPS Regente,4,1,Lavras,MG,,,"149,5",,1/9/2024,3/20/2024,2,71
9,2024,FPS Regente,4,2,Lavras,MG,,,"350,0",,1/9/2024,3/14/2024,2,65
9,2024,FPS Regente,4,3,Lavras,MG,,,"357,7",,1/9/2024,3/20/2024,2,71
9,2024,FPS Regente,4,4,Lavras,MG,,,"298,2",,1/9/2024,3/19/2024,2,70
9,2024,FPS Xerife,11,1,Lavras,MG,,,"112,9",,1/9/2024,3/26/2024,3,77
9,2024,FPS Xerife,11,2,Lavras,MG,,,"157,6",,1/9/2024,3/25/2024,3,76
9,2024,FPS Xerife,11,3,Lavras,MG,,,"139,2",,1/9/2024,3/25/2024,3,76
9,2024,FPS Xerife,11,4,Lavras,MG,,,"107,3",,1/9/2024,3/26/2024,3,77
9,2024,IPF 86749,6,1,Lavras,MG,,,"136,0",,1/9/2024,3/22/2024,2,73
9,2024,IPF 86749,6,2,Lavras,MG,,,"61,5",,1/9/2024,3/22/2024,2,73
9,2024,IPF 86749,6,3,Lavras,MG,,,"27,8",,1/9/2024,3/25/2024,2,76
9,2024,IPF 86749,6,4,Lavras,MG,,,"52,5",,1/9/2024,3/26/2024,2,77
9,2024,ORS 1401,8,1,Lavras,MG,,,"501,7",,1/9/2024,3/27/2024,3,78
9,2024,ORS 1401,8,2,Lavras,MG,,,"129,5",,1/9/2024,4/1/2024,3,83
9,2024,ORS 1401,8,3,Lavras,MG,,,"207,5",,1/9/2024,4/1/2024,3,83
9,2024,ORS 1401,8,4,Lavras,MG,,,"171,4",,1/9/2024,3/29/2024,3,80
9,2024,ORS 1403,9,1,Lavras,MG,,,"20,6",,1/9/2024,3/29/2024,3,80
9,2024,ORS 1403,9,2,Lavras,MG,,,"139,2",,1/9/2024,3/29/2024,3,80
9,2024,ORS 1403,9,3,Lavras,MG,,,"123,1",,1/9/2024,4/1/2024,3,83
9,2024,ORS 1403,9,4,Lavras,MG,,,"106,2",,1/9/2024,4/1/2024,3,83
9,2024,ORS Feroz,1,1,Lavras,MG,,,"121,4",,1/9/2024,3/18/2024,1,69
9,2024,ORS Feroz,1,2,Lavras,MG,,,"40,4",,1/9/2024,3/12/2024,1,63
9,2024,ORS Feroz,1,3,Lavras,MG,,,"477,3",,1/9/2024,3/13/2024,1,64
9,2024,ORS Feroz,1,4,Lavras,MG,,,"26,6",,1/9/2024,3/12/2024,1,63
9,2024,TBIO Aton,3,1,Lavras,MG,,,"186,1",,1/9/2024,3/21/2024,2,72
9,2024,TBIO Aton,3,2,Lavras,MG,,,"219,8",,1/9/2024,3/22/2024,2,73
9,2024,TBIO Aton,3,3,Lavras,MG,,,"647,8",,1/9/2024,3/24/2024,2,75
9,2024,TBIO Aton,3,4,Lavras,MG,,,"217,5",,1/9/2024,3/27/2024,2,78
9,2024,TBIO Duque,5,1,Lavras,MG,,,"168,6",,1/9/2024,3/21/2024,2,72
9,2024,TBIO Duque,5,2,Lavras,MG,,,"56,7",,1/9/2024,3/20/2024,2,71
9,2024,TBIO Duque,5,3,Lavras,MG,,,"61,4",,1/9/2024,3/24/2024,2,75
9,2024,TBIO Duque,5,4,Lavras,MG,,,"52,5",,1/9/2024,3/19/2024,2,70
9,2024,TBIO Sossego,7,1,Lavras,MG,,,"423,3",,1/9/2024,3/22/2024,3,73
9,2024,TBIO Sossego,7,2,Lavras,MG,,,"304,1",,1/9/2024,4/1/2024,3,83
9,2024,TBIO Sossego,7,3,Lavras,MG,,,,,1/9/2024,3/28/2024,3,79
9,2024,TBIO Sossego,7,4,Lavras,MG,,,"104,2",,1/9/2024,3/28/2024,3,79